product_id,unit_price,order_id,quantity,discount
11,14,10.248,12,0
42,9.80000019,10.248,10,0
72,34.79999924,10.248,5,0
14,18.60000038,10.249,9,0
51,42.40000153,10.249,40,0
41,7.69999981,10.25,10,0
51,42.40000153,10.25,35,0.15000001
65,16.79999924,10.25,15,0.15000001
22,16.79999924,10.251,6,0.05
57,15.60000038,10.251,15,0.05
65,16.79999924,10.251,20,0
20,64.80000305,10.252,40,0.05
33,2,10.252,25,0.05
60,27.20000076,10.252,40,0
31,10,10.253,20,0
39,14.39999962,10.253,42,0
49,16,10.253,40,0
24,3.5999999,10.254,15,0.15000001
55,19.20000076,10.254,21,0.15000001
74,8,10.254,21,0
2,15.19999981,10.255,20,0
16,13.89999962,10.255,35,0
36,15.19999981,10.255,25,0
59,44,10.255,30,0
53,26.20000076,10.256,15,0
77,10.39999962,10.256,12,0
27,35.09999847,10.257,25,0
39,14.39999962,10.257,6,0
77,10.39999962,10.257,15,0
2,15.19999981,10.258,50,0.2
5,17,10.258,65,0.2
32,25.60000038,10.258,6,0.2
21,8,10.259,10,0
37,20.79999924,10.259,1,0
41,7.69999981,10.26,16,0.25
57,15.60000038,10.26,50,0
62,39.40000153,10.26,15,0.25
70,12,10.26,21,0.25
21,8,10.261,20,0
35,14.39999962,10.261,20,0
5,17,10.262,12,0.2
7,24,10.262,15,0
56,30.39999962,10.262,2,0
16,13.89999962,10.263,60,0.25
24,3.5999999,10.263,28,0
30,20.70000076,10.263,60,0.25
74,8,10.263,36,0.25
2,15.19999981,10.264,35,0
41,7.69999981,10.264,25,0.15000001
17,31.20000076,10.265,30,0
70,12,10.265,20,0
12,30.39999962,10.266,12,0.05
40,14.69999981,10.267,50,0
59,44,10.267,70,0.15000001
76,14.39999962,10.267,15,0.15000001
29,99,10.268,10,0
72,27.79999924,10.268,4,0
33,2,10.269,60,0.05
72,27.79999924,10.269,20,0.05
36,15.19999981,10.27,30,0
43,36.79999924,10.27,25,0
33,2,10.271,24,0
20,64.80000305,10.272,6,0
31,10,10.272,40,0
72,27.79999924,10.272,24,0
10,24.79999924,10.273,24,0.05
31,10,10.273,15,0.05
33,2,10.273,20,0
40,14.69999981,10.273,60,0.05
76,14.39999962,10.273,33,0.05
71,17.20000076,10.274,20,0
72,27.79999924,10.274,7,0
24,3.5999999,10.275,12,0.05
59,44,10.275,6,0.05
10,24.79999924,10.276,15,0
13,4.80000019,10.276,10,0
28,36.40000153,10.277,20,0
62,39.40000153,10.277,12,0
44,15.5,10.278,16,0
59,44,10.278,15,0
63,35.09999847,10.278,8,0
73,12,10.278,25,0
17,31.20000076,10.279,15,0.25
24,3.5999999,10.28,12,0
55,19.20000076,10.28,20,0
75,6.19999981,10.28,30,0
19,7.30000019,10.281,1,0
24,3.5999999,10.281,6,0
35,14.39999962,10.281,4,0
30,20.70000076,10.282,6,0
57,15.60000038,10.282,2,0
15,12.39999962,10.283,20,0
19,7.30000019,10.283,18,0
60,27.20000076,10.283,35,0
72,27.79999924,10.283,3,0
27,35.09999847,10.284,15,0.25
44,15.5,10.284,21,0
60,27.20000076,10.284,20,0.25
67,11.19999981,10.284,5,0.25
1,14.39999962,10.285,45,0.2
40,14.69999981,10.285,40,0.2
53,26.20000076,10.285,36,0.2
35,14.39999962,10.286,100,0
62,39.40000153,10.286,40,0
16,13.89999962,10.287,40,0.15000001
34,11.19999981,10.287,20,0
46,9.60000038,10.287,15,0.15000001
54,5.9000001,10.288,10,0.1
68,10,10.288,3,0.1
3,8,10.289,30,0
64,26.60000038,10.289,9,0
5,17,10.29,20,0
29,99,10.29,15,0
49,16,10.29,15,0
77,10.39999962,10.29,10,0
13,4.80000019,10.291,20,0.1
44,15.5,10.291,24,0.1
51,42.40000153,10.291,2,0.1
20,64.80000305,10.292,20,0
18,50,10.293,12,0
24,3.5999999,10.293,10,0
63,35.09999847,10.293,5,0
75,6.19999981,10.293,6,0
1,14.39999962,10.294,18,0
17,31.20000076,10.294,15,0
43,36.79999924,10.294,15,0
60,27.20000076,10.294,21,0
75,6.19999981,10.294,6,0
56,30.39999962,10.295,4,0
11,16.79999924,10.296,12,0
16,13.89999962,10.296,30,0
69,28.79999924,10.296,15,0
39,14.39999962,10.297,60,0
72,27.79999924,10.297,20,0
2,15.19999981,10.298,40,0
36,15.19999981,10.298,40,0.25
59,44,10.298,30,0.25
62,39.40000153,10.298,15,0
19,7.30000019,10.299,15,0
70,12,10.299,20,0
66,13.60000038,10.3,30,0
68,10,10.3,20,0
40,14.69999981,10.301,10,0
56,30.39999962,10.301,20,0
17,31.20000076,10.302,40,0
28,36.40000153,10.302,28,0
43,36.79999924,10.302,12,0
40,14.69999981,10.303,40,0.1
65,16.79999924,10.303,30,0.1
68,10,10.303,15,0.1
49,16,10.304,30,0
59,44,10.304,10,0
71,17.20000076,10.304,2,0
18,50,10.305,25,0.1
29,99,10.305,25,0.1
39,14.39999962,10.305,30,0.1
30,20.70000076,10.306,10,0
53,26.20000076,10.306,10,0
54,5.9000001,10.306,5,0
62,39.40000153,10.307,10,0
68,10,10.307,3,0
69,28.79999924,10.308,1,0
70,12,10.308,5,0
4,17.60000038,10.309,20,0
6,20,10.309,30,0
42,11.19999981,10.309,2,0
43,36.79999924,10.309,20,0
71,17.20000076,10.309,3,0
16,13.89999962,10.31,10,0
62,39.40000153,10.31,5,0
42,11.19999981,10.311,6,0
69,28.79999924,10.311,7,0
28,36.40000153,10.312,4,0
43,36.79999924,10.312,24,0
53,26.20000076,10.312,20,0
75,6.19999981,10.312,10,0
36,15.19999981,10.313,12,0
32,25.60000038,10.314,40,0.1
58,10.60000038,10.314,30,0.1
62,39.40000153,10.314,25,0.1
34,11.19999981,10.315,14,0
70,12,10.315,30,0
41,7.69999981,10.316,10,0
62,39.40000153,10.316,70,0
1,14.39999962,10.317,20,0
41,7.69999981,10.318,20,0
76,14.39999962,10.318,6,0
17,31.20000076,10.319,8,0
28,36.40000153,10.319,14,0
76,14.39999962,10.319,30,0
71,17.20000076,10.32,30,0
35,14.39999962,10.321,10,0
52,5.5999999,10.322,20,0
15,12.39999962,10.323,5,0
25,11.19999981,10.323,4,0
39,14.39999962,10.323,4,0
16,13.89999962,10.324,21,0.15000001
35,14.39999962,10.324,70,0.15000001
46,9.60000038,10.324,30,0
59,44,10.324,40,0.15000001
63,35.09999847,10.324,80,0.15000001
6,20,10.325,6,0
13,4.80000019,10.325,12,0
14,18.60000038,10.325,9,0
31,10,10.325,4,0
72,27.79999924,10.325,40,0
4,17.60000038,10.326,24,0
57,15.60000038,10.326,16,0
75,6.19999981,10.326,50,0
2,15.19999981,10.327,25,0.2
11,16.79999924,10.327,50,0.2
30,20.70000076,10.327,35,0.2
58,10.60000038,10.327,30,0.2
59,44,10.328,9,0
65,16.79999924,10.328,40,0
68,10,10.328,10,0
19,7.30000019,10.329,10,0.05
30,20.70000076,10.329,8,0.05
38,210.80000305,10.329,20,0.05
56,30.39999962,10.329,12,0.05
26,24.89999962,10.33,50,0.15000001
72,27.79999924,10.33,25,0.15000001
54,5.9000001,10.331,15,0
18,50,10.332,40,0.2
42,11.19999981,10.332,10,0.2
47,7.5999999,10.332,16,0.2
14,18.60000038,10.333,10,0
21,8,10.333,10,0.1
71,17.20000076,10.333,40,0.1
52,5.5999999,10.334,8,0
68,10,10.334,10,0
2,15.19999981,10.335,7,0.2
31,10,10.335,25,0.2
32,25.60000038,10.335,6,0.2
51,42.40000153,10.335,48,0.2
4,17.60000038,10.336,18,0.1
23,7.19999981,10.337,40,0
26,24.89999962,10.337,24,0
36,15.19999981,10.337,20,0
37,20.79999924,10.337,28,0
72,27.79999924,10.337,25,0
17,31.20000076,10.338,20,0
30,20.70000076,10.338,15,0
4,17.60000038,10.339,10,0
17,31.20000076,10.339,70,0.05
62,39.40000153,10.339,28,0
18,50,10.34,20,0.05
41,7.69999981,10.34,12,0.05
43,36.79999924,10.34,40,0.05
33,2,10.341,8,0
59,44,10.341,9,0.15000001
2,15.19999981,10.342,24,0.2
31,10,10.342,56,0.2
36,15.19999981,10.342,40,0.2
55,19.20000076,10.342,40,0.2
64,26.60000038,10.343,50,0
68,10,10.343,4,0.05
76,14.39999962,10.343,15,0
4,17.60000038,10.344,35,0
8,32,10.344,70,0.25
8,32,10.345,70,0
19,7.30000019,10.345,80,0
42,11.19999981,10.345,9,0
17,31.20000076,10.346,36,0.1
56,30.39999962,10.346,20,0
25,11.19999981,10.347,10,0
39,14.39999962,10.347,50,0.15000001
40,14.69999981,10.347,4,0
75,6.19999981,10.347,6,0.15000001
1,14.39999962,10.348,15,0.15000001
23,7.19999981,10.348,25,0
54,5.9000001,10.349,24,0
50,13,10.35,15,0.1
69,28.79999924,10.35,18,0.1
38,210.80000305,10.351,20,0.05
41,7.69999981,10.351,13,0
44,15.5,10.351,77,0.05
65,16.79999924,10.351,10,0.05
24,3.5999999,10.352,10,0
54,5.9000001,10.352,20,0.15000001
11,16.79999924,10.353,12,0.2
38,210.80000305,10.353,50,0.2
1,14.39999962,10.354,12,0
29,99,10.354,4,0
24,3.5999999,10.355,25,0
57,15.60000038,10.355,25,0
31,10,10.356,30,0
55,19.20000076,10.356,12,0
69,28.79999924,10.356,20,0
10,24.79999924,10.357,30,0.2
26,24.89999962,10.357,16,0
60,27.20000076,10.357,8,0.2
24,3.5999999,10.358,10,0.05
34,11.19999981,10.358,10,0.05
36,15.19999981,10.358,20,0.05
16,13.89999962,10.359,56,0.05
31,10,10.359,70,0.05
60,27.20000076,10.359,80,0.05
28,36.40000153,10.36,30,0
29,99,10.36,35,0
38,210.80000305,10.36,10,0
49,16,10.36,35,0
54,5.9000001,10.36,28,0
39,14.39999962,10.361,54,0.1
60,27.20000076,10.361,55,0.1
25,11.19999981,10.362,50,0
51,42.40000153,10.362,20,0
54,5.9000001,10.362,24,0
31,10,10.363,20,0
75,6.19999981,10.363,12,0
76,14.39999962,10.363,12,0
69,28.79999924,10.364,30,0
71,17.20000076,10.364,5,0
11,16.79999924,10.365,24,0
65,16.79999924,10.366,5,0
77,10.39999962,10.366,5,0
34,11.19999981,10.367,36,0
54,5.9000001,10.367,18,0
65,16.79999924,10.367,15,0
77,10.39999962,10.367,7,0
21,8,10.368,5,0.1
28,36.40000153,10.368,13,0.1
57,15.60000038,10.368,25,0
64,26.60000038,10.368,35,0.1
29,99,10.369,20,0
56,30.39999962,10.369,18,0.25
1,14.39999962,10.37,15,0.15000001
64,26.60000038,10.37,30,0
74,8,10.37,20,0.15000001
36,15.19999981,10.371,6,0.2
20,64.80000305,10.372,12,0.25
38,210.80000305,10.372,40,0.25
60,27.20000076,10.372,70,0.25
72,27.79999924,10.372,42,0.25
58,10.60000038,10.373,80,0.2
71,17.20000076,10.373,50,0.2
31,10,10.374,30,0
58,10.60000038,10.374,15,0
14,18.60000038,10.375,15,0
54,5.9000001,10.375,10,0
31,10,10.376,42,0.05
28,36.40000153,10.377,20,0.15000001
39,14.39999962,10.377,20,0.15000001
71,17.20000076,10.378,6,0
41,7.69999981,10.379,8,0.1
63,35.09999847,10.379,16,0.1
65,16.79999924,10.379,20,0.1
30,20.70000076,10.38,18,0.1
53,26.20000076,10.38,20,0.1
60,27.20000076,10.38,6,0.1
70,12,10.38,30,0
74,8,10.381,14,0
5,17,10.382,32,0
18,50,10.382,9,0
29,99,10.382,14,0
33,2,10.382,60,0
74,8,10.382,50,0
13,4.80000019,10.383,20,0
50,13,10.383,15,0
56,30.39999962,10.383,20,0
20,64.80000305,10.384,28,0
60,27.20000076,10.384,15,0
7,24,10.385,10,0.2
60,27.20000076,10.385,20,0.2
68,10,10.385,8,0.2
24,3.5999999,10.386,15,0
34,11.19999981,10.386,10,0
24,3.5999999,10.387,15,0
28,36.40000153,10.387,6,0
59,44,10.387,12,0
71,17.20000076,10.387,15,0
45,7.5999999,10.388,15,0.2
52,5.5999999,10.388,20,0.2
53,26.20000076,10.388,40,0
10,24.79999924,10.389,16,0
55,19.20000076,10.389,15,0
62,39.40000153,10.389,20,0
70,12,10.389,30,0
31,10,10.39,60,0.1
35,14.39999962,10.39,40,0.1
46,9.60000038,10.39,45,0
72,27.79999924,10.39,24,0.1
13,4.80000019,10.391,18,0
69,28.79999924,10.392,50,0
2,15.19999981,10.393,25,0.25
14,18.60000038,10.393,42,0.25
25,11.19999981,10.393,7,0.25
26,24.89999962,10.393,70,0.25
31,10,10.393,32,0
13,4.80000019,10.394,10,0
62,39.40000153,10.394,10,0
46,9.60000038,10.395,28,0.1
53,26.20000076,10.395,70,0.1
69,28.79999924,10.395,8,0
23,7.19999981,10.396,40,0
71,17.20000076,10.396,60,0
72,27.79999924,10.396,21,0
21,8,10.397,10,0.15000001
51,42.40000153,10.397,18,0.15000001
35,14.39999962,10.398,30,0
55,19.20000076,10.398,120,0.1
68,10,10.399,60,0
71,17.20000076,10.399,30,0
76,14.39999962,10.399,35,0
77,10.39999962,10.399,14,0
29,99,10.4,21,0
35,14.39999962,10.4,35,0
49,16,10.4,30,0
30,20.70000076,10.401,18,0
56,30.39999962,10.401,70,0
65,16.79999924,10.401,20,0
71,17.20000076,10.401,60,0
23,7.19999981,10.402,60,0
63,35.09999847,10.402,65,0
16,13.89999962,10.403,21,0.15000001
48,10.19999981,10.403,70,0.15000001
26,24.89999962,10.404,30,0.05
42,11.19999981,10.404,40,0.05
49,16,10.404,30,0.05
3,8,10.405,50,0
1,14.39999962,10.406,10,0
21,8,10.406,30,0.1
28,36.40000153,10.406,42,0.1
36,15.19999981,10.406,5,0.1
40,14.69999981,10.406,2,0.1
11,16.79999924,10.407,30,0
69,28.79999924,10.407,15,0
71,17.20000076,10.407,15,0
37,20.79999924,10.408,10,0
54,5.9000001,10.408,6,0
62,39.40000153,10.408,35,0
14,18.60000038,10.409,12,0
21,8,10.409,12,0
33,2,10.41,49,0
59,44,10.41,16,0
41,7.69999981,10.411,25,0.2
44,15.5,10.411,40,0.2
59,44,10.411,9,0.2
14,18.60000038,10.412,20,0.1
1,14.39999962,10.413,24,0
62,39.40000153,10.413,40,0
76,14.39999962,10.413,14,0
19,7.30000019,10.414,18,0.05
33,2,10.414,50,0
17,31.20000076,10.415,2,0
33,2,10.415,20,0
19,7.30000019,10.416,20,0
53,26.20000076,10.416,10,0
57,15.60000038,10.416,20,0
38,210.80000305,10.417,50,0
46,9.60000038,10.417,2,0.25
68,10,10.417,36,0.25
77,10.39999962,10.417,35,0
2,15.19999981,10.418,60,0
47,7.5999999,10.418,55,0
61,22.79999924,10.418,16,0
74,8,10.418,15,0
60,27.20000076,10.419,60,0.05
69,28.79999924,10.419,20,0.05
9,77.59999847,10.42,20,0.1
13,4.80000019,10.42,2,0.1
70,12,10.42,8,0.1
73,12,10.42,20,0.1
19,7.30000019,10.421,4,0.15000001
26,24.89999962,10.421,30,0
53,26.20000076,10.421,15,0.15000001
77,10.39999962,10.421,10,0.15000001
26,24.89999962,10.422,2,0
31,10,10.423,14,0
59,44,10.423,20,0
35,14.39999962,10.424,60,0.2
38,210.80000305,10.424,49,0.2
68,10,10.424,30,0.2
55,19.20000076,10.425,10,0.25
76,14.39999962,10.425,20,0.25
56,30.39999962,10.426,5,0
64,26.60000038,10.426,7,0
14,18.60000038,10.427,35,0
46,9.60000038,10.428,20,0
50,13,10.429,40,0
63,35.09999847,10.429,35,0.25
17,31.20000076,10.43,45,0.2
21,8,10.43,50,0
56,30.39999962,10.43,30,0
59,44,10.43,70,0.2
17,31.20000076,10.431,50,0.25
40,14.69999981,10.431,50,0.25
47,7.5999999,10.431,30,0.25
26,24.89999962,10.432,10,0
54,5.9000001,10.432,40,0
56,30.39999962,10.433,28,0
11,16.79999924,10.434,6,0
76,14.39999962,10.434,18,0.15000001
2,15.19999981,10.435,10,0
22,16.79999924,10.435,12,0
72,27.79999924,10.435,10,0
46,9.60000038,10.436,5,0
56,30.39999962,10.436,40,0.1
64,26.60000038,10.436,30,0.1
75,6.19999981,10.436,24,0.1
53,26.20000076,10.437,15,0
19,7.30000019,10.438,15,0.2
34,11.19999981,10.438,20,0.2
57,15.60000038,10.438,15,0.2
12,30.39999962,10.439,15,0
16,13.89999962,10.439,16,0
64,26.60000038,10.439,6,0
74,8,10.439,30,0
2,15.19999981,10.44,45,0.15000001
16,13.89999962,10.44,49,0.15000001
29,99,10.44,24,0.15000001
61,22.79999924,10.44,90,0.15000001
27,35.09999847,10.441,50,0
11,16.79999924,10.442,30,0
54,5.9000001,10.442,80,0
66,13.60000038,10.442,60,0
11,16.79999924,10.443,6,0.2
28,36.40000153,10.443,12,0
17,31.20000076,10.444,10,0
26,24.89999962,10.444,15,0
35,14.39999962,10.444,8,0
41,7.69999981,10.444,30,0
39,14.39999962,10.445,6,0
54,5.9000001,10.445,15,0
19,7.30000019,10.446,12,0.1
24,3.5999999,10.446,20,0.1
31,10,10.446,3,0.1
52,5.5999999,10.446,15,0.1
19,7.30000019,10.447,40,0
65,16.79999924,10.447,35,0
71,17.20000076,10.447,2,0
26,24.89999962,10.448,6,0
40,14.69999981,10.448,20,0
10,24.79999924,10.449,14,0
52,5.5999999,10.449,20,0
62,39.40000153,10.449,35,0
10,24.79999924,10.45,20,0.2
54,5.9000001,10.45,6,0.2
55,19.20000076,10.451,120,0.1
64,26.60000038,10.451,35,0.1
65,16.79999924,10.451,28,0.1
77,10.39999962,10.451,55,0.1
28,36.40000153,10.452,15,0
44,15.5,10.452,100,0.05
48,10.19999981,10.453,15,0.1
70,12,10.453,25,0.1
16,13.89999962,10.454,20,0.2
33,2,10.454,20,0.2
46,9.60000038,10.454,10,0.2
39,14.39999962,10.455,20,0
53,26.20000076,10.455,50,0
61,22.79999924,10.455,25,0
71,17.20000076,10.455,30,0
21,8,10.456,40,0.15000001
49,16,10.456,21,0.15000001
59,44,10.457,36,0
26,24.89999962,10.458,30,0
28,36.40000153,10.458,30,0
43,36.79999924,10.458,20,0
56,30.39999962,10.458,15,0
71,17.20000076,10.458,50,0
7,24,10.459,16,0.05
46,9.60000038,10.459,20,0.05
72,27.79999924,10.459,40,0
68,10,10.46,21,0.25
75,6.19999981,10.46,4,0.25
21,8,10.461,40,0.25
30,20.70000076,10.461,28,0.25
55,19.20000076,10.461,60,0.25
13,4.80000019,10.462,1,0
23,7.19999981,10.462,21,0
19,7.30000019,10.463,21,0
42,11.19999981,10.463,50,0
4,17.60000038,10.464,16,0.2
43,36.79999924,10.464,3,0
56,30.39999962,10.464,30,0.2
60,27.20000076,10.464,20,0
24,3.5999999,10.465,25,0
29,99,10.465,18,0.1
40,14.69999981,10.465,20,0
45,7.5999999,10.465,30,0.1
50,13,10.465,25,0
11,16.79999924,10.466,10,0
46,9.60000038,10.466,5,0
24,3.5999999,10.467,28,0
25,11.19999981,10.467,12,0
30,20.70000076,10.468,8,0
43,36.79999924,10.468,15,0
2,15.19999981,10.469,40,0.15000001
16,13.89999962,10.469,35,0.15000001
44,15.5,10.469,2,0.15000001
18,50,10.47,30,0
23,7.19999981,10.47,15,0
64,26.60000038,10.47,8,0
7,24,10.471,30,0
56,30.39999962,10.471,20,0
24,3.5999999,10.472,80,0.05
51,42.40000153,10.472,18,0
33,2,10.473,12,0
71,17.20000076,10.473,12,0
14,18.60000038,10.474,12,0
28,36.40000153,10.474,18,0
40,14.69999981,10.474,21,0
75,6.19999981,10.474,10,0
31,10,10.475,35,0.15000001
66,13.60000038,10.475,60,0.15000001
76,14.39999962,10.475,42,0.15000001
55,19.20000076,10.476,2,0.05
70,12,10.476,12,0
1,14.39999962,10.477,15,0
21,8,10.477,21,0.25
39,14.39999962,10.477,20,0.25
10,24.79999924,10.478,20,0.05
38,210.80000305,10.479,30,0
53,26.20000076,10.479,28,0
59,44,10.479,60,0
64,26.60000038,10.479,30,0
47,7.5999999,10.48,30,0
59,44,10.48,12,0
49,16,10.481,24,0
60,27.20000076,10.481,40,0
40,14.69999981,10.482,10,0
34,11.19999981,10.483,35,0.05
77,10.39999962,10.483,30,0.05
21,8,10.484,14,0
40,14.69999981,10.484,10,0
51,42.40000153,10.484,3,0
2,15.19999981,10.485,20,0.1
3,8,10.485,20,0.1
55,19.20000076,10.485,30,0.1
70,12,10.485,60,0.1
11,16.79999924,10.486,5,0
51,42.40000153,10.486,25,0
74,8,10.486,16,0
19,7.30000019,10.487,5,0
26,24.89999962,10.487,30,0
54,5.9000001,10.487,24,0.25
59,44,10.488,30,0
73,12,10.488,20,0.2
11,16.79999924,10.489,15,0.25
16,13.89999962,10.489,18,0
59,44,10.49,60,0
68,10,10.49,30,0
75,6.19999981,10.49,36,0
44,15.5,10.491,15,0.15000001
77,10.39999962,10.491,7,0.15000001
25,11.19999981,10.492,60,0.05
42,11.19999981,10.492,20,0.05
65,16.79999924,10.493,15,0.1
66,13.60000038,10.493,10,0.1
69,28.79999924,10.493,10,0.1
56,30.39999962,10.494,30,0
23,7.19999981,10.495,10,0
41,7.69999981,10.495,20,0
77,10.39999962,10.495,5,0
31,10,10.496,20,0.05
56,30.39999962,10.497,14,0
72,27.79999924,10.497,25,0
77,10.39999962,10.497,25,0
24,4.5,10.498,14,0
40,18.39999962,10.498,5,0
42,14,10.498,30,0
28,45.59999847,10.499,20,0
49,20,10.499,25,0
15,15.5,10.5,12,0.05
28,45.59999847,10.5,8,0.05
54,7.44999981,10.501,20,0
45,9.5,10.502,21,0
53,32.79999924,10.502,6,0
67,14,10.502,30,0
14,23.25,10.503,70,0
65,21.04999924,10.503,20,0
2,19,10.504,12,0
21,10,10.504,12,0
53,32.79999924,10.504,10,0
61,28.5,10.504,25,0
62,49.29999924,10.505,3,0
25,14,10.506,18,0.1
70,15,10.506,14,0.1
43,46,10.507,15,0.15000001
48,12.75,10.507,15,0.15000001
13,6,10.508,10,0
39,18,10.508,10,0
28,45.59999847,10.509,3,0
29,123.79000092,10.51,36,0
75,7.75,10.51,36,0.1
4,22,10.511,50,0.15000001
7,30,10.511,50,0.15000001
8,40,10.511,10,0.15000001
24,4.5,10.512,10,0.15000001
46,12,10.512,9,0.15000001
47,9.5,10.512,6,0.15000001
60,34,10.512,12,0.15000001
21,10,10.513,40,0.2
32,32,10.513,50,0.2
61,28.5,10.513,15,0.2
20,81,10.514,39,0
28,45.59999847,10.514,35,0
56,38,10.514,70,0
65,21.04999924,10.514,39,0
75,7.75,10.514,50,0
9,97,10.515,16,0.15000001
16,17.45000076,10.515,50,0
27,43.90000153,10.515,120,0
33,2.5,10.515,16,0.15000001
60,34,10.515,84,0.15000001
18,62.5,10.516,25,0.1
41,9.64999962,10.516,80,0.1
42,14,10.516,20,0
52,7,10.517,6,0
59,55,10.517,4,0
70,15,10.517,6,0
24,4.5,10.518,5,0
38,263.5,10.518,15,0
44,19.45000076,10.518,9,0
10,31,10.519,16,0.05
56,38,10.519,40,0
60,34,10.519,10,0.05
24,4.5,10.52,8,0
53,32.79999924,10.52,5,0
35,18,10.521,3,0
41,9.64999962,10.521,10,0
68,12.5,10.521,6,0
1,18,10.522,40,0.2
8,40,10.522,24,0
30,25.88999939,10.522,20,0.2
40,18.39999962,10.522,25,0.2
17,39,10.523,25,0.1
20,81,10.523,15,0.1
37,26,10.523,18,0.1
41,9.64999962,10.523,6,0.1
10,31,10.524,2,0
30,25.88999939,10.524,10,0
43,46,10.524,60,0
54,7.44999981,10.524,15,0
36,19,10.525,30,0
40,18.39999962,10.525,15,0.1
1,18,10.526,8,0.15000001
13,6,10.526,10,0
56,38,10.526,30,0.15000001
4,22,10.527,50,0.1
36,19,10.527,30,0.1
11,21,10.528,3,0
33,2.5,10.528,8,0.2
72,34.79999924,10.528,9,0
55,24,10.529,14,0
68,12.5,10.529,20,0
69,36,10.529,10,0
17,39,10.53,40,0
43,46,10.53,25,0
61,28.5,10.53,20,0
76,18,10.53,50,0
59,55,10.531,2,0
30,25.88999939,10.532,15,0
66,17,10.532,24,0
4,22,10.533,50,0.05
72,34.79999924,10.533,24,0
73,15,10.533,24,0.05
30,25.88999939,10.534,10,0
40,18.39999962,10.534,10,0.2
54,7.44999981,10.534,10,0.2
11,21,10.535,50,0.1
40,18.39999962,10.535,10,0.1
57,19.5,10.535,5,0.1
59,55,10.535,15,0.1
12,38,10.536,15,0.25
31,12.5,10.536,20,0
33,2.5,10.536,30,0
60,34,10.536,35,0.25
31,12.5,10.537,30,0
51,53,10.537,6,0
58,13.25,10.537,20,0
72,34.79999924,10.537,21,0
73,15,10.537,9,0
70,15,10.538,7,0
72,34.79999924,10.538,1,0
13,6,10.539,8,0
21,10,10.539,15,0
33,2.5,10.539,15,0
49,20,10.539,6,0
3,10,10.54,60,0
26,31.22999954,10.54,40,0
38,263.5,10.54,30,0
68,12.5,10.54,35,0
24,4.5,10.541,35,0.1
38,263.5,10.541,4,0.1
65,21.04999924,10.541,36,0.1
71,21.5,10.541,9,0.1
11,21,10.542,15,0.05
54,7.44999981,10.542,24,0.05
12,38,10.543,30,0.15000001
23,9,10.543,70,0.15000001
28,45.59999847,10.544,7,0
67,14,10.544,7,0
11,21,10.545,10,0
7,30,10.546,10,0
35,18,10.546,30,0
62,49.29999924,10.546,40,0
32,32,10.547,24,0.15000001
36,19,10.547,60,0
34,14,10.548,10,0.25
41,9.64999962,10.548,14,0
31,12.5,10.549,55,0.15000001
45,9.5,10.549,100,0.15000001
51,53,10.549,48,0.15000001
17,39,10.55,8,0.1
19,9.19999981,10.55,10,0
21,10,10.55,6,0.1
61,28.5,10.55,10,0.1
16,17.45000076,10.551,40,0.15000001
35,18,10.551,20,0.15000001
44,19.45000076,10.551,40,0
69,36,10.552,18,0
75,7.75,10.552,30,0
11,21,10.553,15,0
16,17.45000076,10.553,14,0
22,21,10.553,24,0
31,12.5,10.553,30,0
35,18,10.553,6,0
16,17.45000076,10.554,30,0.05
23,9,10.554,20,0.05
62,49.29999924,10.554,20,0.05
77,13,10.554,10,0.05
14,23.25,10.555,30,0.2
19,9.19999981,10.555,35,0.2
24,4.5,10.555,18,0.2
51,53,10.555,20,0.2
56,38,10.555,40,0.2
72,34.79999924,10.556,24,0
64,33.25,10.557,30,0
75,7.75,10.557,20,0
47,9.5,10.558,25,0
51,53,10.558,20,0
52,7,10.558,30,0
53,32.79999924,10.558,18,0
73,15,10.558,3,0
41,9.64999962,10.559,12,0.05
55,24,10.559,18,0.05
30,25.88999939,10.56,20,0
62,49.29999924,10.56,15,0.25
44,19.45000076,10.561,10,0
51,53,10.561,50,0
33,2.5,10.562,20,0.1
62,49.29999924,10.562,10,0.1
36,19,10.563,25,0
52,7,10.563,70,0
17,39,10.564,16,0.05
31,12.5,10.564,6,0.05
55,24,10.564,25,0.05
24,4.5,10.565,25,0.1
64,33.25,10.565,18,0.1
11,21,10.566,35,0.15000001
18,62.5,10.566,18,0.15000001
76,18,10.566,10,0
31,12.5,10.567,60,0.2
51,53,10.567,3,0
59,55,10.567,40,0.2
10,31,10.568,5,0
31,12.5,10.569,35,0.2
76,18,10.569,30,0
11,21,10.57,15,0.05
56,38,10.57,60,0.05
14,23.25,10.571,11,0.15000001
42,14,10.571,28,0.15000001
16,17.45000076,10.572,12,0.1
32,32,10.572,10,0.1
40,18.39999962,10.572,50,0
75,7.75,10.572,15,0.1
17,39,10.573,18,0
34,14,10.573,40,0
53,32.79999924,10.573,25,0
33,2.5,10.574,14,0
40,18.39999962,10.574,2,0
62,49.29999924,10.574,10,0
64,33.25,10.574,6,0
59,55,10.575,12,0
63,43.90000153,10.575,6,0
72,34.79999924,10.575,30,0
76,18,10.575,10,0
1,18,10.576,10,0
31,12.5,10.576,20,0
44,19.45000076,10.576,21,0
39,18,10.577,10,0
75,7.75,10.577,20,0
77,13,10.577,18,0
35,18,10.578,20,0
57,19.5,10.578,6,0
15,15.5,10.579,10,0
75,7.75,10.579,21,0
14,23.25,10.58,15,0.05
41,9.64999962,10.58,9,0.05
65,21.04999924,10.58,30,0.05
75,7.75,10.581,50,0.2
57,19.5,10.582,4,0
76,18,10.582,14,0
29,123.79000092,10.583,10,0
60,34,10.583,24,0.15000001
69,36,10.583,10,0.15000001
31,12.5,10.584,50,0.05
47,9.5,10.585,15,0
52,7,10.586,4,0.15000001
26,31.22999954,10.587,6,0
35,18,10.587,20,0
77,13,10.587,20,0
18,62.5,10.588,40,0.2
42,14,10.588,100,0.2
35,18,10.589,4,0
1,18,10.59,20,0
77,13,10.59,60,0.05
3,10,10.591,14,0
7,30,10.591,10,0
54,7.44999981,10.591,50,0
15,15.5,10.592,25,0.05
26,31.22999954,10.592,5,0.05
20,81,10.593,21,0.2
69,36,10.593,20,0.2
76,18,10.593,4,0.2
52,7,10.594,24,0
58,13.25,10.594,30,0
35,18,10.595,30,0.25
61,28.5,10.595,120,0.25
69,36,10.595,65,0.25
56,38,10.596,5,0.2
63,43.90000153,10.596,24,0.2
75,7.75,10.596,30,0.2
24,4.5,10.597,35,0.2
57,19.5,10.597,20,0
65,21.04999924,10.597,12,0.2
27,43.90000153,10.598,50,0
71,21.5,10.598,9,0
62,49.29999924,10.599,10,0
54,7.44999981,10.6,4,0
73,15,10.6,30,0
13,6,10.601,60,0
59,55,10.601,35,0
77,13,10.602,5,0.25
22,21,10.603,48,0
49,20,10.603,25,0.05
48,12.75,10.604,6,0.1
76,18,10.604,10,0.1
16,17.45000076,10.605,30,0.05
59,55,10.605,20,0.05
60,34,10.605,70,0.05
71,21.5,10.605,15,0.05
4,22,10.606,20,0.2
55,24,10.606,20,0.2
62,49.29999924,10.606,10,0.2
7,30,10.607,45,0
17,39,10.607,100,0
33,2.5,10.607,14,0
40,18.39999962,10.607,42,0
72,34.79999924,10.607,12,0
56,38,10.608,28,0
1,18,10.609,3,0
10,31,10.609,10,0
21,10,10.609,6,0
36,19,10.61,21,0.25
1,18,10.611,6,0
2,19,10.611,10,0
60,34,10.611,15,0
10,31,10.612,70,0
36,19,10.612,55,0
49,20,10.612,18,0
60,34,10.612,40,0
76,18,10.612,80,0
13,6,10.613,8,0.1
75,7.75,10.613,40,0
11,21,10.614,14,0
21,10,10.614,8,0
39,18,10.614,5,0
55,24,10.615,5,0
38,263.5,10.616,15,0.05
56,38,10.616,14,0
70,15,10.616,15,0.05
71,21.5,10.616,15,0.05
59,55,10.617,30,0.15000001
6,25,10.618,70,0
56,38,10.618,20,0
68,12.5,10.618,15,0
21,10,10.619,42,0
22,21,10.619,40,0
24,4.5,10.62,5,0
52,7,10.62,5,0
19,9.19999981,10.621,5,0
23,9,10.621,10,0
70,15,10.621,20,0
71,21.5,10.621,15,0
2,19,10.622,20,0
68,12.5,10.622,18,0.2
14,23.25,10.623,21,0
19,9.19999981,10.623,15,0.1
21,10,10.623,25,0.1
24,4.5,10.623,3,0
35,18,10.623,30,0.1
28,45.59999847,10.624,10,0
29,123.79000092,10.624,6,0
44,19.45000076,10.624,10,0
14,23.25,10.625,3,0
42,14,10.625,5,0
60,34,10.625,10,0
53,32.79999924,10.626,12,0
60,34,10.626,20,0
71,21.5,10.626,20,0
62,49.29999924,10.627,15,0
73,15,10.627,35,0.15000001
1,18,10.628,25,0
29,123.79000092,10.629,20,0
64,33.25,10.629,9,0
55,24,10.63,12,0.05
76,18,10.63,35,0
75,7.75,10.631,8,0.1
2,19,10.632,30,0.05
33,2.5,10.632,20,0.05
12,38,10.633,36,0.15000001
13,6,10.633,13,0.15000001
26,31.22999954,10.633,35,0.15000001
62,49.29999924,10.633,80,0.15000001
7,30,10.634,35,0
18,62.5,10.634,50,0
51,53,10.634,15,0
75,7.75,10.634,2,0
4,22,10.635,10,0.1
5,21.35000038,10.635,15,0.1
22,21,10.635,40,0
4,22,10.636,25,0
58,13.25,10.636,6,0
11,21,10.637,10,0
50,16.25,10.637,25,0.05
56,38,10.637,60,0.05
45,9.5,10.638,20,0
65,21.04999924,10.638,21,0
72,34.79999924,10.638,60,0
18,62.5,10.639,8,0
69,36,10.64,20,0.25
70,15,10.64,15,0.25
2,19,10.641,50,0
40,18.39999962,10.641,60,0
21,10,10.642,30,0.2
61,28.5,10.642,20,0.2
28,45.59999847,10.643,15,0.25
39,18,10.643,21,0.25
46,12,10.643,2,0.25
18,62.5,10.644,4,0.1
43,46,10.644,20,0
46,12,10.644,21,0.1
18,62.5,10.645,20,0
36,19,10.645,15,0
1,18,10.646,15,0.25
10,31,10.646,18,0.25
71,21.5,10.646,30,0.25
77,13,10.646,35,0.25
19,9.19999981,10.647,30,0
39,18,10.647,20,0
22,21,10.648,15,0
24,4.5,10.648,15,0.15000001
28,45.59999847,10.649,20,0
72,34.79999924,10.649,15,0
30,25.88999939,10.65,30,0
53,32.79999924,10.65,25,0.05
54,7.44999981,10.65,30,0
19,9.19999981,10.651,12,0.25
22,21,10.651,20,0.25
30,25.88999939,10.652,2,0.25
42,14,10.652,20,0
16,17.45000076,10.653,30,0.1
60,34,10.653,20,0.1
4,22,10.654,12,0.1
39,18,10.654,20,0.1
54,7.44999981,10.654,6,0.1
41,9.64999962,10.655,20,0.2
14,23.25,10.656,3,0.1
44,19.45000076,10.656,28,0.1
47,9.5,10.656,6,0.1
15,15.5,10.657,50,0
41,9.64999962,10.657,24,0
46,12,10.657,45,0
47,9.5,10.657,10,0
56,38,10.657,45,0
60,34,10.657,30,0
21,10,10.658,60,0
40,18.39999962,10.658,70,0.05
60,34,10.658,55,0.05
77,13,10.658,70,0.05
31,12.5,10.659,20,0.05
40,18.39999962,10.659,24,0.05
70,15,10.659,40,0.05
20,81,10.66,21,0
39,18,10.661,3,0.2
58,13.25,10.661,49,0.2
68,12.5,10.662,10,0
40,18.39999962,10.663,30,0.05
42,14,10.663,30,0.05
51,53,10.663,20,0.05
10,31,10.664,24,0.15000001
56,38,10.664,12,0.15000001
65,21.04999924,10.664,15,0.15000001
51,53,10.665,20,0
59,55,10.665,1,0
76,18,10.665,10,0
29,123.79000092,10.666,36,0
65,21.04999924,10.666,10,0
69,36,10.667,45,0.2
71,21.5,10.667,14,0.2
31,12.5,10.668,8,0.1
55,24,10.668,4,0.1
64,33.25,10.668,15,0.1
36,19,10.669,30,0
23,9,10.67,32,0
46,12,10.67,60,0
67,14,10.67,25,0
73,15,10.67,50,0
75,7.75,10.67,25,0
16,17.45000076,10.671,10,0
62,49.29999924,10.671,10,0
65,21.04999924,10.671,12,0
38,263.5,10.672,15,0.1
71,21.5,10.672,12,0
16,17.45000076,10.673,3,0
42,14,10.673,6,0
43,46,10.673,6,0
23,9,10.674,5,0
14,23.25,10.675,30,0
53,32.79999924,10.675,10,0
58,13.25,10.675,30,0
10,31,10.676,2,0
19,9.19999981,10.676,7,0
44,19.45000076,10.676,21,0
26,31.22999954,10.677,30,0.15000001
33,2.5,10.677,8,0.15000001
12,38,10.678,100,0
33,2.5,10.678,30,0
41,9.64999962,10.678,120,0
54,7.44999981,10.678,30,0
59,55,10.679,12,0
16,17.45000076,10.68,50,0.25
31,12.5,10.68,20,0.25
42,14,10.68,40,0.25
19,9.19999981,10.681,30,0.1
21,10,10.681,12,0.1
64,33.25,10.681,28,0
33,2.5,10.682,30,0
66,17,10.682,4,0
75,7.75,10.682,30,0
52,7,10.683,9,0
40,18.39999962,10.684,20,0
47,9.5,10.684,40,0
60,34,10.684,30,0
10,31,10.685,20,0
41,9.64999962,10.685,4,0
47,9.5,10.685,15,0
17,39,10.686,30,0.2
26,31.22999954,10.686,15,0
9,97,10.687,50,0.25
29,123.79000092,10.687,10,0
36,19,10.687,6,0.25
10,31,10.688,18,0.1
28,45.59999847,10.688,60,0.1
34,14,10.688,14,0
1,18,10.689,35,0.25
56,38,10.69,20,0.25
77,13,10.69,30,0.25
1,18,10.691,30,0
29,123.79000092,10.691,40,0
43,46,10.691,40,0
44,19.45000076,10.691,24,0
62,49.29999924,10.691,48,0
63,43.90000153,10.692,20,0
9,97,10.693,6,0
54,7.44999981,10.693,60,0.15000001
69,36,10.693,30,0.15000001
73,15,10.693,15,0.15000001
7,30,10.694,90,0
59,55,10.694,25,0
70,15,10.694,50,0
8,40,10.695,10,0
12,38,10.695,4,0
24,4.5,10.695,20,0
17,39,10.696,20,0
46,12,10.696,18,0
19,9.19999981,10.697,7,0.25
35,18,10.697,9,0.25
58,13.25,10.697,30,0.25
70,15,10.697,30,0.25
11,21,10.698,15,0
17,39,10.698,8,0.05
29,123.79000092,10.698,12,0.05
65,21.04999924,10.698,65,0.05
70,15,10.698,8,0.05
47,9.5,10.699,12,0
1,18,10.7,5,0.2
34,14,10.7,12,0.2
68,12.5,10.7,40,0.2
71,21.5,10.7,60,0.2
59,55,10.701,42,0.15000001
71,21.5,10.701,20,0.15000001
76,18,10.701,35,0.15000001
3,10,10.702,6,0
76,18,10.702,15,0
2,19,10.703,5,0
59,55,10.703,35,0
73,15,10.703,35,0
4,22,10.704,6,0
24,4.5,10.704,35,0
48,12.75,10.704,24,0
31,12.5,10.705,20,0
32,32,10.705,4,0
16,17.45000076,10.706,20,0
43,46,10.706,24,0
59,55,10.706,8,0
55,24,10.707,21,0
57,19.5,10.707,40,0
70,15,10.707,28,0.15000001
5,21.35000038,10.708,4,0
36,19,10.708,5,0
8,40,10.709,40,0
51,53,10.709,28,0
60,34,10.709,10,0
19,9.19999981,10.71,5,0
47,9.5,10.71,5,0
19,9.19999981,10.711,12,0
41,9.64999962,10.711,42,0
53,32.79999924,10.711,120,0
53,32.79999924,10.712,3,0.05
56,38,10.712,30,0
10,31,10.713,18,0
26,31.22999954,10.713,30,0
45,9.5,10.713,110,0
46,12,10.713,24,0
2,19,10.714,30,0.25
17,39,10.714,27,0.25
47,9.5,10.714,50,0.25
56,38,10.714,18,0.25
58,13.25,10.714,12,0.25
10,31,10.715,21,0
71,21.5,10.715,30,0
21,10,10.716,5,0
51,53,10.716,7,0
61,28.5,10.716,10,0
21,10,10.717,32,0.05
54,7.44999981,10.717,15,0
69,36,10.717,25,0.05
12,38,10.718,36,0
16,17.45000076,10.718,20,0
36,19,10.718,40,0
62,49.29999924,10.718,20,0
18,62.5,10.719,12,0.25
30,25.88999939,10.719,3,0.25
54,7.44999981,10.719,40,0.25
35,18,10.72,21,0
71,21.5,10.72,8,0
44,19.45000076,10.721,50,0.05
2,19,10.722,3,0
31,12.5,10.722,50,0
68,12.5,10.722,45,0
75,7.75,10.722,42,0
26,31.22999954,10.723,15,0
10,31,10.724,16,0
61,28.5,10.724,5,0
41,9.64999962,10.725,12,0
52,7,10.725,4,0
55,24,10.725,6,0
4,22,10.726,25,0
11,21,10.726,5,0
17,39,10.727,20,0.05
56,38,10.727,10,0.05
59,55,10.727,10,0.05
30,25.88999939,10.728,15,0
40,18.39999962,10.728,6,0
55,24,10.728,12,0
60,34,10.728,15,0
1,18,10.729,50,0
21,10,10.729,30,0
50,16.25,10.729,40,0
16,17.45000076,10.73,15,0.05
31,12.5,10.73,3,0.05
65,21.04999924,10.73,10,0.05
21,10,10.731,40,0.05
51,53,10.731,30,0.05
76,18,10.732,20,0
14,23.25,10.733,16,0
28,45.59999847,10.733,20,0
52,7,10.733,25,0
6,25,10.734,30,0
30,25.88999939,10.734,15,0
76,18,10.734,20,0
61,28.5,10.735,20,0.1
77,13,10.735,2,0.1
65,21.04999924,10.736,40,0
75,7.75,10.736,20,0
13,6,10.737,4,0
41,9.64999962,10.737,12,0
16,17.45000076,10.738,3,0
36,19,10.739,6,0
52,7,10.739,18,0
28,45.59999847,10.74,5,0.2
35,18,10.74,35,0.2
45,9.5,10.74,40,0.2
56,38,10.74,14,0.2
2,19,10.741,15,0.2
3,10,10.742,20,0
60,34,10.742,50,0
72,34.79999924,10.742,35,0
46,12,10.743,28,0.05
40,18.39999962,10.744,50,0.2
18,62.5,10.745,24,0
44,19.45000076,10.745,16,0
59,55,10.745,45,0
72,34.79999924,10.745,7,0
13,6,10.746,6,0
42,14,10.746,28,0
62,49.29999924,10.746,9,0
69,36,10.746,40,0
31,12.5,10.747,8,0
41,9.64999962,10.747,35,0
63,43.90000153,10.747,9,0
69,36,10.747,30,0
23,9,10.748,44,0
40,18.39999962,10.748,40,0
56,38,10.748,28,0
56,38,10.749,15,0
59,55,10.749,6,0
76,18,10.749,10,0
14,23.25,10.75,5,0.15000001
45,9.5,10.75,40,0.15000001
59,55,10.75,25,0.15000001
26,31.22999954,10.751,12,0.1
30,25.88999939,10.751,30,0
50,16.25,10.751,20,0.1
73,15,10.751,15,0
1,18,10.752,8,0
69,36,10.752,3,0
45,9.5,10.753,4,0
74,10,10.753,5,0
40,18.39999962,10.754,3,0
47,9.5,10.755,30,0.25
56,38,10.755,30,0.25
57,19.5,10.755,14,0.25
69,36,10.755,25,0.25
18,62.5,10.756,21,0.2
36,19,10.756,20,0.2
68,12.5,10.756,6,0.2
69,36,10.756,20,0.2
34,14,10.757,30,0
59,55,10.757,7,0
62,49.29999924,10.757,30,0
64,33.25,10.757,24,0
26,31.22999954,10.758,20,0
52,7,10.758,60,0
70,15,10.758,40,0
32,32,10.759,10,0
25,14,10.76,12,0.25
27,43.90000153,10.76,40,0
43,46,10.76,30,0.25
25,14,10.761,35,0.25
75,7.75,10.761,18,0
39,18,10.762,16,0
47,9.5,10.762,30,0
51,53,10.762,28,0
56,38,10.762,60,0
21,10,10.763,40,0
22,21,10.763,6,0
24,4.5,10.763,20,0
3,10,10.764,20,0.1
39,18,10.764,130,0.1
65,21.04999924,10.765,80,0.1
2,19,10.766,40,0
7,30,10.766,35,0
68,12.5,10.766,40,0
42,14,10.767,2,0
22,21,10.768,4,0
31,12.5,10.768,50,0
60,34,10.768,15,0
71,21.5,10.768,12,0
41,9.64999962,10.769,30,0.05
52,7,10.769,15,0.05
61,28.5,10.769,20,0
62,49.29999924,10.769,15,0
11,21,10.77,15,0.25
71,21.5,10.771,16,0
29,123.79000092,10.772,18,0
59,55,10.772,25,0
17,39,10.773,33,0
31,12.5,10.773,70,0.2
75,7.75,10.773,7,0.2
31,12.5,10.774,2,0.25
66,17,10.774,50,0
10,31,10.775,6,0
67,14,10.775,3,0
31,12.5,10.776,16,0.05
42,14,10.776,12,0.05
45,9.5,10.776,27,0.05
51,53,10.776,120,0.05
42,14,10.777,20,0.2
41,9.64999962,10.778,10,0
16,17.45000076,10.779,20,0
62,49.29999924,10.779,20,0
70,15,10.78,35,0
77,13,10.78,15,0
54,7.44999981,10.781,3,0.2
56,38,10.781,20,0.2
74,10,10.781,35,0
31,12.5,10.782,1,0
31,12.5,10.783,10,0
38,263.5,10.783,5,0
36,19,10.784,30,0
39,18,10.784,2,0.15000001
72,34.79999924,10.784,30,0.15000001
10,31,10.785,10,0
75,7.75,10.785,10,0
8,40,10.786,30,0.2
30,25.88999939,10.786,15,0.2
75,7.75,10.786,42,0.2
2,19,10.787,15,0.05
29,123.79000092,10.787,20,0.05
19,9.19999981,10.788,50,0.05
75,7.75,10.788,40,0.05
18,62.5,10.789,30,0
35,18,10.789,15,0
63,43.90000153,10.789,30,0
68,12.5,10.789,18,0
7,30,10.79,3,0.15000001
56,38,10.79,20,0.15000001
29,123.79000092,10.791,14,0.05
41,9.64999962,10.791,20,0.05
2,19,10.792,10,0
54,7.44999981,10.792,3,0
68,12.5,10.792,15,0
41,9.64999962,10.793,14,0
52,7,10.793,8,0
14,23.25,10.794,15,0.2
54,7.44999981,10.794,6,0.2
16,17.45000076,10.795,65,0
17,39,10.795,35,0.25
26,31.22999954,10.796,21,0.2
44,19.45000076,10.796,10,0
64,33.25,10.796,35,0.2
69,36,10.796,24,0.2
11,21,10.797,20,0
62,49.29999924,10.798,2,0
72,34.79999924,10.798,10,0
13,6,10.799,20,0.15000001
24,4.5,10.799,20,0.15000001
59,55,10.799,25,0
11,21,10.8,50,0.1
51,53,10.8,10,0.1
54,7.44999981,10.8,7,0.1
17,39,10.801,40,0.25
29,123.79000092,10.801,20,0.25
30,25.88999939,10.802,25,0.25
51,53,10.802,30,0.25
55,24,10.802,60,0.25
62,49.29999924,10.802,5,0.25
19,9.19999981,10.803,24,0.05
25,14,10.803,15,0.05
59,55,10.803,15,0.05
10,31,10.804,36,0
28,45.59999847,10.804,24,0
49,20,10.804,4,0.15000001
34,14,10.805,10,0
38,263.5,10.805,10,0
2,19,10.806,20,0.25
65,21.04999924,10.806,2,0
74,10,10.806,15,0.25
40,18.39999962,10.807,1,0
56,38,10.808,20,0.15000001
76,18,10.808,50,0.15000001
52,7,10.809,20,0
13,6,10.81,7,0
25,14,10.81,5,0
70,15,10.81,5,0
19,9.19999981,10.811,15,0
23,9,10.811,18,0
40,18.39999962,10.811,30,0
31,12.5,10.812,16,0.1
72,34.79999924,10.812,40,0.1
77,13,10.812,20,0
2,19,10.813,12,0.2
46,12,10.813,35,0
41,9.64999962,10.814,20,0
43,46,10.814,20,0.15000001
48,12.75,10.814,8,0.15000001
61,28.5,10.814,30,0.15000001
33,2.5,10.815,16,0
38,263.5,10.816,30,0.05
62,49.29999924,10.816,20,0.05
26,31.22999954,10.817,40,0.15000001
38,263.5,10.817,30,0
40,18.39999962,10.817,60,0.15000001
62,49.29999924,10.817,25,0.15000001
32,32,10.818,20,0
41,9.64999962,10.818,20,0
43,46,10.819,7,0
75,7.75,10.819,20,0
56,38,10.82,30,0
35,18,10.821,20,0
51,53,10.821,6,0
62,49.29999924,10.822,3,0
70,15,10.822,6,0
11,21,10.823,20,0.1
57,19.5,10.823,15,0
59,55,10.823,40,0.1
77,13,10.823,15,0.1
41,9.64999962,10.824,12,0
70,15,10.824,9,0
26,31.22999954,10.825,12,0
53,32.79999924,10.825,20,0
31,12.5,10.826,35,0
57,19.5,10.826,15,0
10,31,10.827,15,0
39,18,10.827,21,0
20,81,10.828,5,0
38,263.5,10.828,2,0
2,19,10.829,10,0
8,40,10.829,20,0
13,6,10.829,10,0
60,34,10.829,21,0
6,25,10.83,6,0
39,18,10.83,28,0
60,34,10.83,30,0
68,12.5,10.83,24,0
19,9.19999981,10.831,2,0
35,18,10.831,8,0
38,263.5,10.831,8,0
43,46,10.831,9,0
13,6,10.832,3,0.2
25,14,10.832,10,0.2
44,19.45000076,10.832,16,0.2
64,33.25,10.832,3,0
7,30,10.833,20,0.1
31,12.5,10.833,9,0.1
53,32.79999924,10.833,9,0.1
29,123.79000092,10.834,8,0.05
30,25.88999939,10.834,20,0.05
59,55,10.835,15,0
77,13,10.835,2,0.2
22,21,10.836,52,0
35,18,10.836,6,0
57,19.5,10.836,24,0
60,34,10.836,60,0
64,33.25,10.836,30,0
13,6,10.837,6,0
40,18.39999962,10.837,25,0
47,9.5,10.837,40,0.25
76,18,10.837,21,0.25
1,18,10.838,4,0.25
18,62.5,10.838,25,0.25
36,19,10.838,50,0.25
58,13.25,10.839,30,0.1
72,34.79999924,10.839,15,0.1
25,14,10.84,6,0.2
39,18,10.84,10,0.2
10,31,10.841,16,0
56,38,10.841,30,0
59,55,10.841,50,0
77,13,10.841,15,0
11,21,10.842,15,0
43,46,10.842,5,0
68,12.5,10.842,20,0
70,15,10.842,12,0
51,53,10.843,4,0.25
22,21,10.844,35,0
23,9,10.845,70,0.1
35,18,10.845,25,0.1
42,14,10.845,42,0.1
58,13.25,10.845,60,0.1
64,33.25,10.845,48,0
4,22,10.846,21,0
70,15,10.846,30,0
74,10,10.846,20,0
1,18,10.847,80,0.2
19,9.19999981,10.847,12,0.2
37,26,10.847,60,0.2
45,9.5,10.847,36,0.2
60,34,10.847,45,0.2
71,21.5,10.847,55,0.2
5,21.35000038,10.848,30,0
9,97,10.848,3,0
3,10,10.849,49,0
26,31.22999954,10.849,18,0.15000001
25,14,10.85,20,0.15000001
33,2.5,10.85,4,0.15000001
70,15,10.85,30,0.15000001
2,19,10.851,5,0.05
25,14,10.851,10,0.05
57,19.5,10.851,10,0.05
59,55,10.851,42,0.05
2,19,10.852,15,0
17,39,10.852,6,0
62,49.29999924,10.852,50,0
18,62.5,10.853,10,0
10,31,10.854,100,0.15000001
13,6,10.854,65,0.15000001
16,17.45000076,10.855,50,0
31,12.5,10.855,14,0
56,38,10.855,24,0
65,21.04999924,10.855,15,0.15000001
2,19,10.856,20,0
42,14,10.856,20,0
3,10,10.857,30,0
26,31.22999954,10.857,35,0.25
29,123.79000092,10.857,10,0.25
7,30,10.858,5,0
27,43.90000153,10.858,10,0
70,15,10.858,4,0
24,4.5,10.859,40,0.25
54,7.44999981,10.859,35,0.25
64,33.25,10.859,30,0.25
51,53,10.86,3,0
76,18,10.86,20,0
17,39,10.861,42,0
18,62.5,10.861,20,0
21,10,10.861,40,0
33,2.5,10.861,35,0
62,49.29999924,10.861,3,0
11,21,10.862,25,0
52,7,10.862,8,0
1,18,10.863,20,0.15000001
58,13.25,10.863,12,0.15000001
35,18,10.864,4,0
67,14,10.864,15,0
38,263.5,10.865,60,0.05
39,18,10.865,80,0.05
2,19,10.866,21,0.25
24,4.5,10.866,6,0.25
30,25.88999939,10.866,40,0.25
53,32.79999924,10.867,3,0
26,31.22999954,10.868,20,0
35,18,10.868,30,0
49,20,10.868,42,0.1
1,18,10.869,40,0
11,21,10.869,10,0
23,9,10.869,50,0
68,12.5,10.869,20,0
35,18,10.87,3,0
51,53,10.87,2,0
6,25,10.871,50,0.05
16,17.45000076,10.871,12,0.05
17,39,10.871,16,0.05
55,24,10.872,10,0.05
62,49.29999924,10.872,20,0.05
64,33.25,10.872,15,0.05
65,21.04999924,10.872,21,0.05
21,10,10.873,20,0
28,45.59999847,10.873,3,0
10,31,10.874,10,0
19,9.19999981,10.875,25,0
47,9.5,10.875,21,0.1
49,20,10.875,15,0
46,12,10.876,21,0
64,33.25,10.876,20,0
16,17.45000076,10.877,30,0.25
18,62.5,10.877,25,0
20,81,10.878,20,0.05
40,18.39999962,10.879,12,0
65,21.04999924,10.879,10,0
76,18,10.879,10,0
23,9,10.88,30,0.2
61,28.5,10.88,30,0.2
70,15,10.88,50,0.2
73,15,10.881,10,0
42,14,10.882,25,0
49,20,10.882,20,0.15000001
54,7.44999981,10.882,32,0.15000001
24,4.5,10.883,8,0
21,10,10.884,40,0.05
56,38,10.884,21,0.05
65,21.04999924,10.884,12,0.05
2,19,10.885,20,0
24,4.5,10.885,12,0
70,15,10.885,30,0
77,13,10.885,25,0
10,31,10.886,70,0
31,12.5,10.886,35,0
77,13,10.886,40,0
25,14,10.887,5,0
2,19,10.888,20,0
68,12.5,10.888,18,0
11,21,10.889,40,0
38,263.5,10.889,40,0
17,39,10.89,15,0
34,14,10.89,10,0
41,9.64999962,10.89,14,0
30,25.88999939,10.891,15,0.05
59,55,10.892,40,0.05
8,40,10.893,30,0
24,4.5,10.893,10,0
29,123.79000092,10.893,24,0
30,25.88999939,10.893,35,0
36,19,10.893,20,0
13,6,10.894,28,0.05
69,36,10.894,50,0.05
75,7.75,10.894,120,0.05
24,4.5,10.895,110,0
39,18,10.895,45,0
40,18.39999962,10.895,91,0
60,34,10.895,100,0
45,9.5,10.896,15,0
56,38,10.896,16,0
29,123.79000092,10.897,80,0
30,25.88999939,10.897,36,0
13,6,10.898,5,0
39,18,10.899,8,0.15000001
70,15,10.9,3,0.25
41,9.64999962,10.901,30,0
71,21.5,10.901,30,0
55,24,10.902,30,0.15000001
62,49.29999924,10.902,6,0.15000001
13,6,10.903,40,0
65,21.04999924,10.903,21,0
68,12.5,10.903,20,0
58,13.25,10.904,15,0
62,49.29999924,10.904,35,0
1,18,10.905,20,0.05
61,28.5,10.906,15,0
75,7.75,10.907,14,0
7,30,10.908,20,0.05
52,7,10.908,14,0.05
7,30,10.909,12,0
16,17.45000076,10.909,15,0
41,9.64999962,10.909,5,0
19,9.19999981,10.91,12,0
49,20,10.91,10,0
61,28.5,10.91,5,0
1,18,10.911,10,0
17,39,10.911,12,0
67,14,10.911,15,0
11,21,10.912,40,0.25
29,123.79000092,10.912,60,0.25
4,22,10.913,30,0.25
33,2.5,10.913,40,0.25
58,13.25,10.913,15,0
71,21.5,10.914,25,0
17,39,10.915,10,0
33,2.5,10.915,30,0
54,7.44999981,10.915,10,0
16,17.45000076,10.916,6,0
32,32,10.916,6,0
57,19.5,10.916,20,0
30,25.88999939,10.917,1,0
60,34,10.917,10,0
1,18,10.918,60,0.25
60,34,10.918,25,0.25
16,17.45000076,10.919,24,0
25,14,10.919,24,0
40,18.39999962,10.919,20,0
50,16.25,10.92,24,0
35,18,10.921,10,0
63,43.90000153,10.921,40,0
17,39,10.922,15,0
24,4.5,10.922,35,0
42,14,10.923,10,0.2
43,46,10.923,10,0.2
67,14,10.923,24,0.2
10,31,10.924,20,0.1
28,45.59999847,10.924,30,0.1
75,7.75,10.924,6,0
36,19,10.925,25,0.15000001
52,7,10.925,12,0.15000001
11,21,10.926,2,0
13,6,10.926,10,0
19,9.19999981,10.926,7,0
72,34.79999924,10.926,10,0
20,81,10.927,5,0
52,7,10.927,5,0
76,18,10.927,20,0
47,9.5,10.928,5,0
76,18,10.928,5,0
21,10,10.929,60,0
75,7.75,10.929,49,0
77,13,10.929,15,0
21,10,10.93,36,0
27,43.90000153,10.93,25,0
55,24,10.93,25,0.2
58,13.25,10.93,30,0.2
13,6,10.931,42,0.15000001
57,19.5,10.931,30,0
16,17.45000076,10.932,30,0.1
62,49.29999924,10.932,14,0.1
72,34.79999924,10.932,16,0
75,7.75,10.932,20,0.1
53,32.79999924,10.933,2,0
61,28.5,10.933,30,0
6,25,10.934,20,0
1,18,10.935,21,0
18,62.5,10.935,4,0.25
23,9,10.935,8,0.25
36,19,10.936,30,0.2
28,45.59999847,10.937,8,0
34,14,10.937,20,0
13,6,10.938,20,0.25
43,46,10.938,24,0.25
60,34,10.938,49,0.25
71,21.5,10.938,35,0.25
2,19,10.939,10,0.15000001
67,14,10.939,40,0.15000001
7,30,10.94,8,0
13,6,10.94,20,0
31,12.5,10.941,44,0.25
62,49.29999924,10.941,30,0.25
68,12.5,10.941,80,0.25
72,34.79999924,10.941,50,0
49,20,10.942,28,0
13,6,10.943,15,0
22,21,10.943,21,0
46,12,10.943,15,0
11,21,10.944,5,0.25
44,19.45000076,10.944,18,0.25
56,38,10.944,18,0
13,6,10.945,20,0
31,12.5,10.945,10,0
10,31,10.946,25,0
24,4.5,10.946,25,0
77,13,10.946,40,0
59,55,10.947,4,0
50,16.25,10.948,9,0
51,53,10.948,40,0
55,24,10.948,4,0
6,25,10.949,12,0
10,31,10.949,30,0
17,39,10.949,6,0
62,49.29999924,10.949,60,0
4,22,10.95,5,0
33,2.5,10.951,15,0.05
41,9.64999962,10.951,6,0.05
75,7.75,10.951,50,0.05
6,25,10.952,16,0.05
28,45.59999847,10.952,2,0
20,81,10.953,50,0.05
31,12.5,10.953,50,0.05
16,17.45000076,10.954,28,0.15000001
31,12.5,10.954,25,0.15000001
45,9.5,10.954,30,0
60,34,10.954,24,0.15000001
75,7.75,10.955,12,0.2
21,10,10.956,12,0
47,9.5,10.956,14,0
51,53,10.956,8,0
30,25.88999939,10.957,30,0
35,18,10.957,40,0
64,33.25,10.957,8,0
5,21.35000038,10.958,20,0
7,30,10.958,6,0
72,34.79999924,10.958,5,0
75,7.75,10.959,20,0.15000001
24,4.5,10.96,10,0.25
41,9.64999962,10.96,24,0
52,7,10.961,6,0.05
76,18,10.961,60,0
7,30,10.962,45,0
13,6,10.962,77,0
53,32.79999924,10.962,20,0
69,36,10.962,9,0
76,18,10.962,44,0
60,34,10.963,2,0.15000001
18,62.5,10.964,6,0
38,263.5,10.964,5,0
69,36,10.964,10,0
51,53,10.965,16,0
37,26,10.966,8,0
56,38,10.966,12,0.15000001
62,49.29999924,10.966,12,0.15000001
19,9.19999981,10.967,12,0
49,20,10.967,40,0
12,38,10.968,30,0
24,4.5,10.968,30,0
64,33.25,10.968,4,0
46,12,10.969,9,0
52,7,10.97,40,0.2
29,123.79000092,10.971,14,0
17,39,10.972,6,0
33,2.5,10.972,7,0
26,31.22999954,10.973,5,0
41,9.64999962,10.973,6,0
75,7.75,10.973,10,0
63,43.90000153,10.974,10,0
8,40,10.975,16,0
75,7.75,10.975,10,0
28,45.59999847,10.976,20,0
39,18,10.977,30,0
47,9.5,10.977,30,0
51,53,10.977,10,0
63,43.90000153,10.977,20,0
8,40,10.978,20,0.15000001
21,10,10.978,40,0.15000001
40,18.39999962,10.978,10,0
44,19.45000076,10.978,6,0.15000001
7,30,10.979,18,0
12,38,10.979,20,0
24,4.5,10.979,80,0
27,43.90000153,10.979,30,0
31,12.5,10.979,24,0
63,43.90000153,10.979,35,0
75,7.75,10.98,40,0.2
38,263.5,10.981,60,0
7,30,10.982,20,0
43,46,10.982,9,0
13,6,10.983,84,0.15000001
57,19.5,10.983,15,0
16,17.45000076,10.984,55,0
24,4.5,10.984,20,0
36,19,10.984,40,0
16,17.45000076,10.985,36,0.1
18,62.5,10.985,8,0.1
32,32,10.985,35,0.1
11,21,10.986,30,0
20,81,10.986,15,0
76,18,10.986,10,0
77,13,10.986,15,0
7,30,10.987,60,0
43,46,10.987,6,0
72,34.79999924,10.987,20,0
7,30,10.988,60,0
62,49.29999924,10.988,40,0.1
6,25,10.989,40,0
11,21,10.989,15,0
41,9.64999962,10.989,4,0
21,10,10.99,65,0
34,14,10.99,60,0.15000001
55,24,10.99,65,0.15000001
61,28.5,10.99,66,0.15000001
2,19,10.991,50,0.2
70,15,10.991,20,0.2
76,18,10.991,90,0.2
72,34.79999924,10.992,2,0
29,123.79000092,10.993,50,0.25
41,9.64999962,10.993,35,0.25
59,55,10.994,18,0.05
51,53,10.995,20,0
60,34,10.995,4,0
42,14,10.996,40,0
32,32,10.997,50,0
46,12,10.997,20,0.25
52,7,10.997,20,0.25
24,4.5,10.998,12,0
61,28.5,10.998,7,0
74,10,10.998,20,0
75,7.75,10.998,30,0
41,9.64999962,10.999,20,0.05
51,53,10.999,15,0.05
77,13,10.999,21,0.05
4,22,11,25,0.25
24,4.5,11,30,0.25
77,13,11,30,0
7,30,11.001,60,0
22,21,11.001,25,0
46,12,11.001,25,0
55,24,11.001,6,0
13,6,11.002,56,0
35,18,11.002,15,0.15000001
42,14,11.002,24,0.15000001
55,24,11.002,40,0
1,18,11.003,4,0
40,18.39999962,11.003,10,0
52,7,11.003,10,0
26,31.22999954,11.004,6,0
76,18,11.004,6,0
1,18,11.005,2,0
59,55,11.005,10,0
1,18,11.006,8,0
29,123.79000092,11.006,2,0.25
8,40,11.007,30,0
29,123.79000092,11.007,10,0
42,14,11.007,14,0
28,45.59999847,11.008,70,0.05
34,14,11.008,90,0.05
71,21.5,11.008,21,0
24,4.5,11.009,12,0
36,19,11.009,18,0.25
60,34,11.009,9,0
7,30,11.01,20,0
24,4.5,11.01,10,0
58,13.25,11.011,40,0.05
71,21.5,11.011,20,0
19,9.19999981,11.012,50,0.05
60,34,11.012,36,0.05
71,21.5,11.012,60,0.05
23,9,11.013,10,0
42,14,11.013,4,0
45,9.5,11.013,20,0
68,12.5,11.013,2,0
41,9.64999962,11.014,28,0.1
30,25.88999939,11.015,15,0
77,13,11.015,18,0
31,12.5,11.016,15,0
36,19,11.016,16,0
3,10,11.017,25,0
59,55,11.017,110,0
70,15,11.017,30,0
12,38,11.018,20,0
18,62.5,11.018,10,0
56,38,11.018,5,0
46,12,11.019,3,0
49,20,11.019,2,0
10,31,11.02,24,0.15000001
2,19,11.021,11,0.25
20,81,11.021,15,0
26,31.22999954,11.021,63,0
51,53,11.021,44,0.25
72,34.79999924,11.021,35,0
19,9.19999981,11.022,35,0
69,36,11.022,30,0
7,30,11.023,4,0
43,46,11.023,30,0
26,31.22999954,11.024,12,0
33,2.5,11.024,30,0
65,21.04999924,11.024,21,0
71,21.5,11.024,50,0
1,18,11.025,10,0.1
13,6,11.025,20,0.1
18,62.5,11.026,8,0
51,53,11.026,10,0
24,4.5,11.027,30,0.25
62,49.29999924,11.027,21,0.25
55,24,11.028,35,0
59,55,11.028,24,0
56,38,11.029,20,0
63,43.90000153,11.029,12,0
2,19,11.03,100,0.25
5,21.35000038,11.03,70,0
29,123.79000092,11.03,60,0.25
59,55,11.03,100,0.25
1,18,11.031,45,0
13,6,11.031,80,0
24,4.5,11.031,21,0
64,33.25,11.031,20,0
71,21.5,11.031,16,0
36,19,11.032,35,0
38,263.5,11.032,25,0
59,55,11.032,30,0
53,32.79999924,11.033,70,0.1
69,36,11.033,36,0.1
21,10,11.034,15,0.1
44,19.45000076,11.034,12,0
61,28.5,11.034,6,0
1,18,11.035,10,0
35,18,11.035,60,0
42,14,11.035,30,0
54,7.44999981,11.035,10,0
13,6,11.036,7,0
59,55,11.036,30,0
70,15,11.037,4,0
40,18.39999962,11.038,5,0.2
52,7,11.038,2,0
71,21.5,11.038,30,0
28,45.59999847,11.039,20,0
35,18,11.039,24,0
49,20,11.039,60,0
57,19.5,11.039,28,0
21,10,11.04,20,0
2,19,11.041,30,0.2
63,43.90000153,11.041,30,0
44,19.45000076,11.042,15,0
61,28.5,11.042,4,0
11,21,11.043,10,0
62,49.29999924,11.044,12,0
33,2.5,11.045,15,0
51,53,11.045,24,0
12,38,11.046,20,0.05
32,32,11.046,15,0.05
35,18,11.046,18,0.05
1,18,11.047,25,0.25
5,21.35000038,11.047,30,0.25
68,12.5,11.048,42,0
2,19,11.049,10,0.2
12,38,11.049,4,0.2
76,18,11.05,50,0.1
24,4.5,11.051,10,0.2
43,46,11.052,30,0.2
61,28.5,11.052,10,0.2
18,62.5,11.053,35,0.2
32,32,11.053,20,0
64,33.25,11.053,25,0.2
33,2.5,11.054,10,0
67,14,11.054,20,0
24,4.5,11.055,15,0
25,14,11.055,15,0
51,53,11.055,20,0
57,19.5,11.055,20,0
7,30,11.056,40,0
55,24,11.056,35,0
60,34,11.056,50,0
70,15,11.057,3,0
21,10,11.058,3,0
60,34,11.058,21,0
61,28.5,11.058,4,0
13,6,11.059,30,0
17,39,11.059,12,0
60,34,11.059,35,0
60,34,11.06,4,0
77,13,11.06,10,0
60,34,11.061,15,0
53,32.79999924,11.062,10,0.2
70,15,11.062,12,0.2
34,14,11.063,30,0
40,18.39999962,11.063,40,0.1
41,9.64999962,11.063,30,0.1
17,39,11.064,77,0.1
41,9.64999962,11.064,12,0
53,32.79999924,11.064,25,0.1
55,24,11.064,4,0.1
68,12.5,11.064,55,0
30,25.88999939,11.065,4,0.25
54,7.44999981,11.065,20,0.25
16,17.45000076,11.066,3,0
19,9.19999981,11.066,42,0
34,14,11.066,35,0
41,9.64999962,11.067,9,0
28,45.59999847,11.068,8,0.15000001
43,46,11.068,36,0.15000001
77,13,11.068,28,0.15000001
39,18,11.069,20,0
1,18,11.07,40,0.15000001
2,19,11.07,20,0.15000001
16,17.45000076,11.07,30,0.15000001
31,12.5,11.07,20,0
7,30,11.071,15,0.05
13,6,11.071,10,0.05
2,19,11.072,8,0
41,9.64999962,11.072,40,0
50,16.25,11.072,22,0
64,33.25,11.072,130,0
11,21,11.073,10,0
24,4.5,11.073,20,0
16,17.45000076,11.074,14,0.05
2,19,11.075,10,0.15000001
46,12,11.075,30,0.15000001
76,18,11.075,2,0.15000001
6,25,11.076,20,0.25
14,23.25,11.076,20,0.25
19,9.19999981,11.076,10,0.25
2,19,11.077,24,0.2
3,10,11.077,4,0
4,22,11.077,1,0
6,25,11.077,1,0.02
7,30,11.077,1,0.05
8,40,11.077,2,0.1
10,31,11.077,1,0
12,38,11.077,2,0.05
13,6,11.077,4,0
14,23.25,11.077,1,0.03
16,17.45000076,11.077,2,0.03
20,81,11.077,1,0.04
23,9,11.077,2,0
32,32,11.077,1,0
39,18,11.077,2,0.05
41,9.64999962,11.077,3,0
46,12,11.077,3,0.02
52,7,11.077,2,0
55,24,11.077,2,0
60,34,11.077,2,0.06
64,33.25,11.077,2,0.03
66,17,11.077,1,0
73,15,11.077,2,0.01
75,7.75,11.077,4,0
77,13,11.077,2,0
